Fecha,Envios_Gestionados,Ingresos_USD
2025-01-01,1446,41037.54
2025-01-02,1264,43352.1
2025-01-03,1265,41869.4
2025-01-04,1015,30746.77
2025-01-05,1147,39362.18
2025-01-06,1246,40786.02
2025-01-07,1333,46598.6
2025-01-08,1465,45788.37
2025-01-09,1341,38597.03
2025-01-10,1287,37143.6
2025-01-11,1059,35210.18
2025-01-12,1231,39485.84
2025-01-13,1331,39310.74
2025-01-14,1430,45525.57
2025-01-15,1369,43429.72
2025-01-16,1361,46304.18
2025-01-17,1156,32824.73
2025-01-18,1046,30135.05
2025-01-19,1400,43547.13
2025-01-20,1381,40042.11
2025-01-21,1551,54171.51
2025-01-22,1449,42600.51
2025-01-23,1438,46518.69
2025-01-24,1310,40777.88
2025-01-25,1226,41051.73
2025-01-26,1221,34662.79
2025-01-27,1327,40183.84
2025-01-28,1336,41814.45
2025-01-29,1528,44006.05
2025-01-30,1437,46713.22
2025-01-31,1351,42887.37
2025-02-01,1188,40151.57
2025-02-02,1339,41668.01
2025-02-03,1327,39911.78
2025-02-04,1397,42230.49
2025-02-05,1559,46249.15
2025-02-06,1395,48193.74
2025-02-07,1219,40966.9
2025-02-08,1222,37165.19
2025-02-09,1290,40191.97
2025-02-10,1377,39550.41
2025-02-11,1511,48549.26
2025-02-12,1757,58183.99
2025-02-13,1480,43802.18
2025-02-14,1393,43318.44
2025-02-15,1101,36045.09
2025-02-16,1271,39556.68
2025-02-17,1414,45047.03
2025-02-18,1463,42972.37
2025-02-19,1461,49069.66
2025-02-20,1457,41921.13
2025-02-21,1284,40197.18
2025-02-22,1186,35640.47
2025-02-23,1319,37932.65
2025-02-24,1448,49222.24
2025-02-25,1503,44196.15
2025-02-26,1486,46501.21
2025-02-27,1462,47235.71
2025-02-28,1351,40380.41
2025-03-01,1257,39428.79
2025-03-02,1160,36807.07
2025-03-03,1344,41818.39
2025-03-04,1502,45883.41
2025-03-05,1546,46062.24
2025-03-06,1484,50974.6
2025-03-07,1340,42326.7
2025-03-08,1145,37681.58
2025-03-09,1198,38033.67
2025-03-10,1283,38507.83
2025-03-11,1580,49563.28
2025-03-12,1511,51015.81
2025-03-13,1450,49515.56
2025-03-14,1347,46612.7
2025-03-15,1183,34918.2
2025-03-16,1161,35317.52
2025-03-17,1320,38061.39
2025-03-18,1452,50707.61
2025-03-19,1578,51161.28
2025-03-20,1457,47990.62
2025-03-21,1207,37452.67
2025-03-22,1229,36518.26
2025-03-23,1260,38707.65
2025-03-24,1267,38056.49
2025-03-25,1439,45681.24
2025-03-26,1361,45915.83
2025-03-27,1409,47663.66
2025-03-28,1237,37139.58
2025-03-29,1092,31936.95
2025-03-30,1157,38273.43
2025-03-31,1328,41078.92
2025-04-01,1395,40854.91
2025-04-02,1473,47476.39
2025-04-03,1404,40426.63
2025-04-04,1187,34051.16
2025-04-05,1135,31888.1
2025-04-06,1308,38547.47
2025-04-07,1301,40817.29
2025-04-08,1358,39569.54
2025-04-09,1438,40969.08
2025-04-10,1270,39948.8
2025-04-11,1285,44116.15
2025-04-12,1155,32442.53
2025-04-13,1224,36228.54
2025-04-14,1327,45533.51
2025-04-15,1410,45756.16
2025-04-16,1471,49750.54
2025-04-17,1339,46044.51
2025-04-18,1155,34113.59
2025-04-19,1049,34803.07
2025-04-20,1109,33082.74
2025-04-21,1099,38012.78
2025-04-22,1473,51127.05
2025-04-23,1286,37466.25
2025-04-24,1300,43798.59
2025-04-25,1092,30940.51
2025-04-26,965,31070.88
2025-04-27,1107,34735.17
2025-04-28,1207,38881.16
2025-04-29,1330,44317.84
2025-04-30,1398,47660.46
2025-05-01,1243,39192.45
2025-05-02,1169,33349.88
2025-05-03,1092,37592.8
2025-05-04,1067,30343.91
2025-05-05,1184,39747.65
2025-05-06,1347,38870.99
2025-05-07,1343,46123.62
2025-05-08,1265,41051.9
2025-05-09,979,29560.26
2025-05-10,1041,35455.03
2025-05-11,1085,31768.79
2025-05-12,1168,34487.44
2025-05-13,1310,39692.64
2025-05-14,1430,44195.47
2025-05-15,1236,36520.32
2025-05-16,1137,39186.97
2025-05-17,962,29914.79
2025-05-18,987,34241.98
2025-05-19,1124,33467.85
2025-05-20,1205,37712.89
2025-05-21,1292,43426.69
2025-05-22,1152,40234.35
2025-05-23,1064,33144.79
2025-05-24,903,28285.59
2025-05-25,916,31708.27
2025-05-26,1089,33802.82
2025-05-27,1180,36683.05
2025-05-28,1230,42676.42
2025-05-29,1149,36170.67
2025-05-30,1031,29794.04
2025-05-31,1031,35668.03
2025-06-01,1076,33923.08
2025-06-02,1152,35174.2
2025-06-03,1201,41221.09
2025-06-04,1339,37656.03
2025-06-05,1073,37178.58
2025-06-06,911,26067.17
2025-06-07,964,27520.3
2025-06-08,974,33722.62
2025-06-09,1081,33891.35
2025-06-10,1206,35292.39
2025-06-11,1132,39490.97
2025-06-12,1077,32706.26
2025-06-13,1088,37655.38
2025-06-14,992,30991.68
2025-06-15,914,27961.02
2025-06-16,1188,38059.07
2025-06-17,1123,38626.36
2025-06-18,1180,41154.69
2025-06-19,1149,37773.98
2025-06-20,927,28370.7
2025-06-21,887,30203.5
2025-06-22,933,32166.59
2025-06-23,1035,32923.97
2025-06-24,1226,40463.22
2025-06-25,1237,42199.7
2025-06-26,1053,34537.51
2025-06-27,946,30816.0
2025-06-28,915,28081.49
2025-06-29,928,29901.33
2025-06-30,1001,29740.0
2025-07-01,1190,34320.62
2025-07-02,1241,37012.06
2025-07-03,1072,33374.52
2025-07-04,1026,31214.22
2025-07-05,799,26319.88
2025-07-06,828,25415.24
2025-07-07,1071,33791.87
2025-07-08,1108,33283.78
2025-07-09,1126,32251.17
2025-07-10,1089,35959.1
2025-07-11,933,27606.88
2025-07-12,912,28519.88
2025-07-13,834,26824.34
2025-07-14,1016,33240.19
2025-07-15,1345,41576.55
2025-07-16,1191,35682.65
2025-07-17,988,33864.14
2025-07-18,1009,32819.74
2025-07-19,925,27523.23
2025-07-20,1004,33540.87
2025-07-21,1048,33296.96
2025-07-22,1118,34592.82
2025-07-23,1271,36466.25
2025-07-24,1149,33962.1
2025-07-25,868,24971.0
2025-07-26,941,30957.09
2025-07-27,912,30327.49
2025-07-28,1111,34511.09
2025-07-29,1140,32375.97
2025-07-30,1240,36210.52
2025-07-31,1125,38945.63
2025-08-01,1019,34923.14
2025-08-02,903,27824.8
2025-08-03,910,26399.21
2025-08-04,1058,32922.04
2025-08-05,1211,37592.6
2025-08-06,1229,34586.56
2025-08-07,1221,40360.64
2025-08-08,1022,33328.44
2025-08-09,955,30686.68
2025-08-10,1074,36169.89
2025-08-11,1072,36185.2
2025-08-12,1220,35991.17
2025-08-13,1183,33710.08
2025-08-14,1143,34961.3
2025-08-15,1111,37984.38
2025-08-16,953,31870.21
2025-08-17,1053,31381.22
2025-08-18,1022,33885.32
2025-08-19,1122,35890.55
2025-08-20,1257,37636.36
2025-08-21,1078,35641.5
2025-08-22,1194,35802.78
2025-08-23,1030,31328.85
2025-08-24,913,26873.87
2025-08-25,1099,35063.62
2025-08-26,1195,37218.18
2025-08-27,1287,41745.46
2025-08-28,1181,33169.5
2025-08-29,1114,34372.26
2025-08-30,1069,30225.15
2025-08-31,1000,30164.6
2025-09-01,1065,30467.69
2025-09-02,1290,41068.18
2025-09-03,1280,44094.43
2025-09-04,1281,43558.9
2025-09-05,1078,33898.57
2025-09-06,1060,32246.32
2025-09-07,1064,29815.18
2025-09-08,1154,37537.69
2025-09-09,1260,38146.61
2025-09-10,1364,41934.82
2025-09-11,1396,45197.44
2025-09-12,1170,34272.85
2025-09-13,1035,33066.79
2025-09-14,1119,34885.33
2025-09-15,1206,36967.95
2025-09-16,1245,42174.41
2025-09-17,1374,45536.46
2025-09-18,1373,39975.23
2025-09-19,1136,39080.99
2025-09-20,1012,28358.03
2025-09-21,1143,33966.63
2025-09-22,1346,39005.25
2025-09-23,1416,43039.9
2025-09-24,1455,42263.53
2025-09-25,1457,43666.39
2025-09-26,1291,39790.62
2025-09-27,1161,36383.08
2025-09-28,1141,34115.24
2025-09-29,1285,36601.15
2025-09-30,1394,44309.63
2025-10-01,1486,48201.01
2025-10-02,1307,42601.17
2025-10-03,1328,37471.47
2025-10-04,1169,33619.26
2025-10-05,1172,38302.03
2025-10-06,1368,39300.86
2025-10-07,1318,37536.01
2025-10-08,1428,44508.72
2025-10-09,1364,41677.0
2025-10-10,1328,43475.13
2025-10-11,1175,33249.38
2025-10-12,1325,39215.79
2025-10-13,1337,40114.35
2025-10-14,1519,45995.42
2025-10-15,1480,41547.17
2025-10-16,1518,48361.19
2025-10-17,1309,36797.26
2025-10-18,1281,38586.93
2025-10-19,1256,43190.22
2025-10-20,1344,39148.83
2025-10-21,1520,49360.94
2025-10-22,1635,51026.0
2025-10-23,1434,49445.82
2025-10-24,1280,39792.98
2025-10-25,1279,37626.92
2025-10-26,1380,48260.15
2025-10-27,1393,46093.26
2025-10-28,1548,44769.05
2025-10-29,1628,51607.56
2025-10-30,1522,45905.36
2025-10-31,1436,49093.13
2025-11-01,1416,41254.45
2025-11-02,1382,44926.65
2025-11-03,1500,52087.23
2025-11-04,1674,57553.27
2025-11-05,1661,56979.04
2025-11-06,1533,50051.83
2025-11-07,1406,42355.1
2025-11-08,1325,37815.84
2025-11-09,1543,45065.18
2025-11-10,1549,53086.93
2025-11-11,1711,56390.59
2025-11-12,1755,50430.67
2025-11-13,1581,55042.2
2025-11-14,1552,48998.63
2025-11-15,1406,41060.66
2025-11-16,1350,42342.29
2025-11-17,1586,48859.12
2025-11-18,1658,48934.61
2025-11-19,1738,56389.28
2025-11-20,1705,54021.78
2025-11-21,1697,50797.97
2025-11-22,1456,48968.68
2025-11-23,1511,48037.17
2025-11-24,1667,50662.69
2025-11-25,1780,51820.32
2025-11-26,1795,56541.35
2025-11-27,1664,48412.7
2025-11-28,1548,53289.6
2025-11-29,1520,47834.46
2025-11-30,1496,51478.1
2025-12-01,1650,49911.8
2025-12-02,1738,54276.58
2025-12-03,1916,60643.72
2025-12-04,1683,57731.74
2025-12-05,1763,50948.29
2025-12-06,1539,47402.7
2025-12-07,1545,44200.77
2025-12-08,1661,57156.89
2025-12-09,1902,64141.11
2025-12-10,1952,60129.91
2025-12-11,1764,57654.43
2025-12-12,1710,54395.44
2025-12-13,1606,51849.23
2025-12-14,1635,55536.97
2025-12-15,1781,62185.28
2025-12-16,1941,55451.05
2025-12-17,1814,58022.89
2025-12-18,1720,59041.71
2025-12-19,1741,53591.78
2025-12-20,1648,49105.2
2025-12-21,1728,49978.58
2025-12-22,1707,55270.64
2025-12-23,1872,55201.55
2025-12-24,2058,63087.8
2025-12-25,1810,55793.4
2025-12-26,1786,57816.46
2025-12-27,1640,56892.34
2025-12-28,1697,59266.24
2025-12-29,1760,52985.44
2025-12-30,2036,60789.82
2025-12-31,1884,62265.63
