ID_Estudiante,Grupo,Laboratorio,Nota
GS123-01,GS123,Lab1,85.8
GS123-01,GS123,Lab2,93.5
GS123-01,GS123,Lab3,95.7
GS123-01,GS123,Lab4,78.1
GS123-01,GS123,Lab5,89.8
GS123-02,GS123,Lab1,94.3
GS123-02,GS123,Lab2,98.8
GS123-02,GS123,Lab3,88.2
GS123-02,GS123,Lab4,77.3
GS123-02,GS123,Lab5,91.4
GS123-03,GS123,Lab1,85.8
GS123-03,GS123,Lab2,85.6
GS123-03,GS123,Lab3,86.7
GS123-03,GS123,Lab4,97.4
GS123-03,GS123,Lab5,83.0
GS123-04,GS123,Lab1,90.6
GS123-04,GS123,Lab2,86.5
GS123-04,GS123,Lab3,94.7
GS123-04,GS123,Lab4,87.5
GS123-04,GS123,Lab5,88.2
GS123-05,GS123,Lab1,90.0
GS123-05,GS123,Lab2,76.5
GS123-05,GS123,Lab3,80.3
GS123-05,GS123,Lab4,87.2
GS123-05,GS123,Lab5,77.6
GS123-06,GS123,Lab1,85.6
GS123-06,GS123,Lab2,83.2
GS123-06,GS123,Lab3,87.8
GS123-06,GS123,Lab4,93.9
GS123-06,GS123,Lab5,82.6
GS123-07,GS123,Lab1,83.1
GS123-07,GS123,Lab2,100.0
GS123-07,GS123,Lab3,75.6
GS123-07,GS123,Lab4,77.9
GS123-07,GS123,Lab5,90.8
GS123-08,GS123,Lab1,90.5
GS123-08,GS123,Lab2,77.9
GS123-08,GS123,Lab3,77.0
GS123-08,GS123,Lab4,81.4
GS123-08,GS123,Lab5,91.8
GS123-09,GS123,Lab1,80.7
GS123-09,GS123,Lab2,89.9
GS123-09,GS123,Lab3,97.0
GS123-09,GS123,Lab4,89.9
GS123-09,GS123,Lab5,90.2
GS123-10,GS123,Lab1,97.8
GS123-10,GS123,Lab2,83.5
GS123-10,GS123,Lab3,77.5
GS123-10,GS123,Lab4,86.4
GS123-10,GS123,Lab5,90.5
GS124-01,GS124,Lab1,72.9
GS124-01,GS124,Lab2,68.0
GS124-01,GS124,Lab3,75.5
GS124-01,GS124,Lab4,87.4
GS124-01,GS124,Lab5,87.5
GS124-02,GS124,Lab1,73.8
GS124-02,GS124,Lab2,84.9
GS124-02,GS124,Lab3,72.7
GS124-02,GS124,Lab4,78.3
GS124-02,GS124,Lab5,92.7
GS124-03,GS124,Lab1,70.4
GS124-03,GS124,Lab2,70.2
GS124-03,GS124,Lab3,75.4
GS124-03,GS124,Lab4,87.3
GS124-03,GS124,Lab5,69.6
GS124-04,GS124,Lab1,80.0
GS124-04,GS124,Lab2,76.5
GS124-04,GS124,Lab3,76.7
GS124-04,GS124,Lab4,78.7
GS124-04,GS124,Lab5,77.8
GS124-05,GS124,Lab1,74.1
GS124-05,GS124,Lab2,75.7
GS124-05,GS124,Lab3,64.5
GS124-05,GS124,Lab4,74.7
GS124-05,GS124,Lab5,73.8
GS124-06,GS124,Lab1,86.2
GS124-06,GS124,Lab2,79.1
GS124-06,GS124,Lab3,73.4
GS124-06,GS124,Lab4,74.6
GS124-06,GS124,Lab5,81.2
GS124-07,GS124,Lab1,82.1
GS124-07,GS124,Lab2,72.2
GS124-07,GS124,Lab3,80.6
GS124-07,GS124,Lab4,73.8
GS124-07,GS124,Lab5,64.7
GS124-08,GS124,Lab1,75.5
GS124-08,GS124,Lab2,82.4
GS124-08,GS124,Lab3,73.8
GS124-08,GS124,Lab4,63.1
GS124-08,GS124,Lab5,72.8
GS124-09,GS124,Lab1,66.8
GS124-09,GS124,Lab2,80.3
GS124-09,GS124,Lab3,85.6
GS124-09,GS124,Lab4,71.8
GS124-09,GS124,Lab5,70.9
GS124-10,GS124,Lab1,76.7
GS124-10,GS124,Lab2,77.8
GS124-10,GS124,Lab3,75.9
GS124-10,GS124,Lab4,71.4
GS124-10,GS124,Lab5,73.6
GS126-01,GS126,Lab1,100.0
GS126-01,GS126,Lab2,98.2
GS126-01,GS126,Lab3,82.5
GS126-01,GS126,Lab4,95.5
GS126-01,GS126,Lab5,100.0
GS126-02,GS126,Lab1,95.5
GS126-02,GS126,Lab2,76.3
GS126-02,GS126,Lab3,100.0
GS126-02,GS126,Lab4,78.8
GS126-02,GS126,Lab5,84.6
GS126-03,GS126,Lab1,89.6
GS126-03,GS126,Lab2,88.8
GS126-03,GS126,Lab3,97.5
GS126-03,GS126,Lab4,93.5
GS126-03,GS126,Lab5,92.3
GS126-04,GS126,Lab1,81.7
GS126-04,GS126,Lab2,86.2
GS126-04,GS126,Lab3,97.4
GS126-04,GS126,Lab4,79.7
GS126-04,GS126,Lab5,96.5
GS126-05,GS126,Lab1,86.7
GS126-05,GS126,Lab2,100.0
GS126-05,GS126,Lab3,86.7
GS126-05,GS126,Lab4,89.7
GS126-05,GS126,Lab5,100.0
GS126-06,GS126,Lab1,88.1
GS126-06,GS126,Lab2,90.8
GS126-06,GS126,Lab3,94.4
GS126-06,GS126,Lab4,89.8
GS126-06,GS126,Lab5,100.0
GS126-07,GS126,Lab1,97.2
GS126-07,GS126,Lab2,90.7
GS126-07,GS126,Lab3,94.2
GS126-07,GS126,Lab4,100.0
GS126-07,GS126,Lab5,86.0
GS126-08,GS126,Lab1,94.3
GS126-08,GS126,Lab2,93.2
GS126-08,GS126,Lab3,89.8
GS126-08,GS126,Lab4,87.8
GS126-08,GS126,Lab5,100.0
GS126-09,GS126,Lab1,81.0
GS126-09,GS126,Lab2,86.7
GS126-09,GS126,Lab3,96.9
GS126-09,GS126,Lab4,96.9
GS126-09,GS126,Lab5,83.3
GS126-10,GS126,Lab1,98.0
GS126-10,GS126,Lab2,83.4
GS126-10,GS126,Lab3,90.8
GS126-10,GS126,Lab4,81.6
GS126-10,GS126,Lab5,91.8
